insert into person (id, username, passwd, display_name, money)
    values (1, 'sierra', 'pass', 'Sierra', 0);

insert into pokedex (id, name)
    values (1, 'Bulbasaur');
insert into pokedex (id, name)
    values (2, 'Ivysaur');
insert into pokedex (id, name)
    values (3, 'Venusaur');
insert into pokedex (id, name)
    values (4, 'Charmander');
insert into pokedex (id, name)
    values (5, 'Charmeleon');
insert into pokedex (id, name)
    values (6, 'Charizard');
insert into pokedex (id, name)
    values (7, 'Squirtle');
insert into pokedex (id, name)
    values (8, 'Wartortle');
insert into pokedex (id, name)
    values (9, 'Blastoise');
insert into pokedex (id, name)
    values (10, 'Caterpie');
insert into pokedex (id, name)
    values (11, 'Metapod');
insert into pokedex (id, name)
    values (12, 'Butterfree');
insert into pokedex (id, name)
    values (13, 'Weedle');
insert into pokedex (id, name)
    values (14, 'Kakuna');
insert into pokedex (id, name)
    values (15, 'Beedrill');
insert into pokedex (id, name)
    values (16, 'Pidgey');
insert into pokedex (id, name)
    values (17, 'Pidgeotto');
insert into pokedex (id, name)
    values (18, 'Pidgeot');
insert into pokedex (id, name)
    values (19, 'Rattata');
insert into pokedex (id, name)
    values (20, 'Raticate');
insert into pokedex (id, name)
    values (21, 'Spearow');
insert into pokedex (id, name)
    values (22, 'Fearow');
insert into pokedex (id, name)
    values (23, 'Ekans');
insert into pokedex (id, name)
    values (24, 'Arbok');
insert into pokedex (id, name)
    values (25, 'Pikachu');
insert into pokedex (id, name)
    values (26, 'Raichu');
insert into pokedex (id, name)
    values (27, 'Sandshrew');
insert into pokedex (id, name)
    values (28, 'Sandslash');
insert into pokedex (id, name)
    values (29, 'NidoranF');
insert into pokedex (id, name)
    values (30, 'Nidorina');
insert into pokedex (id, name)
    values (31, 'Nidoqueen');
insert into pokedex (id, name)
    values (32, 'NidoranM');
insert into pokedex (id, name)
    values (33, 'Nidorino');
insert into pokedex (id, name)
    values (34, 'Nidoking');
insert into pokedex (id, name)
    values (35, 'Clefairy');
insert into pokedex (id, name)
    values (36, 'Clefable');
insert into pokedex (id, name)
    values (37, 'Vulpix');
insert into pokedex (id, name)
    values (38, 'Ninetales');
insert into pokedex (id, name)
    values (39, 'Jigglypuff');
insert into pokedex (id, name)
    values (40, 'Wigglytuff');
insert into pokedex (id, name)
    values (41, 'Zubat');
insert into pokedex (id, name)
    values (42, 'Golbat');
insert into pokedex (id, name)
    values (43, 'Oddish');
insert into pokedex (id, name)
    values (44, 'Gloom');
insert into pokedex (id, name)
    values (45, 'Vileplume');
insert into pokedex (id, name)
    values (46, 'Paras');
insert into pokedex (id, name)
    values (47, 'Parasect');
insert into pokedex (id, name)
    values (48, 'Venonat');
insert into pokedex (id, name)
    values (49, 'Venomoth');
insert into pokedex (id, name)
    values (50, 'Diglett');
insert into pokedex (id, name)
    values (51, 'Dugtrio');
insert into pokedex (id, name)
    values (52, 'Meowth');
insert into pokedex (id, name)
    values (53, 'Persian');
insert into pokedex (id, name)
    values (54, 'Psyduck');
insert into pokedex (id, name)
    values (55, 'Golduck');
insert into pokedex (id, name)
    values (56, 'Mankey');
insert into pokedex (id, name)
    values (57, 'Primeape');
insert into pokedex (id, name)
    values (58, 'Growlithe');
insert into pokedex (id, name)
    values (59, 'Arcanine');
insert into pokedex (id, name)
    values (60, 'Poliwag');
insert into pokedex (id, name)
    values (61, 'Poliwhirl');
insert into pokedex (id, name)
    values (62, 'Poliwrath');
insert into pokedex (id, name)
    values (63, 'Abra');
insert into pokedex (id, name)
    values (64, 'Kadabra');
insert into pokedex (id, name)
    values (65, 'Alakazam');
insert into pokedex (id, name)
    values (66, 'Machop');
insert into pokedex (id, name)
    values (67, 'Machoke');
insert into pokedex (id, name)
    values (68, 'Machamp');
insert into pokedex (id, name)
    values (69, 'Bellsprout');
insert into pokedex (id, name)
    values (70, 'Weepinbell');
insert into pokedex (id, name)
    values (71, 'Victreebel');
insert into pokedex (id, name)
    values (72, 'Tentacool');
insert into pokedex (id, name)
    values (73, 'Tentacruel');
insert into pokedex (id, name)
    values (74, 'Geodude');
insert into pokedex (id, name)
    values (75, 'Graveler');
insert into pokedex (id, name)
    values (76, 'Golem');
insert into pokedex (id, name)
    values (77, 'Ponyta');
insert into pokedex (id, name)
    values (78, 'Rapidash');
insert into pokedex (id, name)
    values (79, 'Slowpoke');
insert into pokedex (id, name)
    values (80, 'Slowbro');
insert into pokedex (id, name)
    values (81, 'Magnemite');
insert into pokedex (id, name)
    values (82, 'Magneton');
insert into pokedex (id, name)
    values (83, 'Farfetchd');
insert into pokedex (id, name)
    values (84, 'Doduo');
insert into pokedex (id, name)
    values (85, 'Dodrio');
insert into pokedex (id, name)
    values (86, 'Seel');
insert into pokedex (id, name)
    values (87, 'Dewgong');
insert into pokedex (id, name)
    values (88, 'Grimer');
insert into pokedex (id, name)
    values (89, 'Muk');
insert into pokedex (id, name)
    values (90, 'Shellder');
insert into pokedex (id, name)
    values (91, 'Cloyster');
insert into pokedex (id, name)
    values (92, 'Gastly');
insert into pokedex (id, name)
    values (93, 'Haunter');
insert into pokedex (id, name)
    values (94, 'Gengar');
insert into pokedex (id, name)
    values (95, 'Onix');
insert into pokedex (id, name)
    values (96, 'Drowzee');
insert into pokedex (id, name)
    values (97, 'Hypno');
insert into pokedex (id, name)
    values (98, 'Krabby');
insert into pokedex (id, name)
    values (99, 'Kingler');
insert into pokedex (id, name)
    values (100, 'Voltorb');
insert into pokedex (id, name)
    values (101, 'Electrode');
insert into pokedex (id, name)
    values (102, 'Exeggcute');
insert into pokedex (id, name)
    values (103, 'Exeggutor');
insert into pokedex (id, name)
    values (104, 'Cubone');
insert into pokedex (id, name)
    values (105, 'Marowak');
insert into pokedex (id, name)
    values (106, 'Hitmonlee');
insert into pokedex (id, name)
    values (107, 'Hitmonchan');
insert into pokedex (id, name)
    values (108, 'Lickitung');
insert into pokedex (id, name)
    values (109, 'Koffing');
insert into pokedex (id, name)
    values (110, 'Weezing');
insert into pokedex (id, name)
    values (111, 'Rhyhorn');
insert into pokedex (id, name)
    values (112, 'Rhydon');
insert into pokedex (id, name)
    values (113, 'Chansey');
insert into pokedex (id, name)
    values (114, 'Tangela');
insert into pokedex (id, name)
    values (115, 'Kangaskhan');
insert into pokedex (id, name)
    values (116, 'Horsea');
insert into pokedex (id, name)
    values (117, 'Seadra');
insert into pokedex (id, name)
    values (118, 'Goldeen');
insert into pokedex (id, name)
    values (119, 'Seaking');
insert into pokedex (id, name)
    values (120, 'Staryu');
insert into pokedex (id, name)
    values (121, 'Starmie');
insert into pokedex (id, name)
    values (122, 'Mr. Mime');
insert into pokedex (id, name)
    values (123, 'Scyther');
insert into pokedex (id, name)
    values (124, 'Jynx');
insert into pokedex (id, name)
    values (125, 'Electabuzz');
insert into pokedex (id, name)
    values (126, 'Magmar');
insert into pokedex (id, name)
    values (127, 'Pinsir');
insert into pokedex (id, name)
    values (128, 'Tauros');
insert into pokedex (id, name)
    values (129, 'Magikarp');
insert into pokedex (id, name)
    values (130, 'Gyarados');
insert into pokedex (id, name)
    values (131, 'Lapras');
insert into pokedex (id, name)
    values (132, 'Ditto');
insert into pokedex (id, name)
    values (133, 'Eevee');
insert into pokedex (id, name)
    values (134, 'Vaporeon');
insert into pokedex (id, name)
    values (135, 'Jolteon');
insert into pokedex (id, name)
    values (136, 'Flareon');
insert into pokedex (id, name)
    values (137, 'Porygon');
insert into pokedex (id, name)
    values (138, 'Omanyte');
insert into pokedex (id, name)
    values (139, 'Omastar');
insert into pokedex (id, name)
    values (140, 'Kabuto');
insert into pokedex (id, name)
    values (141, 'Kabutops');
insert into pokedex (id, name)
    values (142, 'Aerodactyl');
insert into pokedex (id, name)
    values (143, 'Snorlax');
insert into pokedex (id, name)
    values (144, 'Articuno');
insert into pokedex (id, name)
    values (145, 'Zapdos');
insert into pokedex (id, name)
    values (146, 'Moltres');
insert into pokedex (id, name)
    values (147, 'Dratini');
insert into pokedex (id, name)
    values (148, 'Dragonair');
insert into pokedex (id, name)
    values (149, 'Dragonite');
insert into pokedex (id, name)
    values (150, 'Mewtwo');
insert into pokedex (id, name)
    values (151, 'Mew');
    
insert into type (id, name, color)
    values (1, 'Normal', 'A8A878');
insert into type (id, name, color)
    values (2, 'Fighting', 'C03028');
insert into type (id, name, color)
    values (3, 'Flying', 'A890F0');
insert into type (id, name, color)
    values (4, 'Poison', 'A040A0');
insert into type (id, name, color)
    values (5, 'Ground', 'E0C068');
insert into type (id, name, color)
    values (6, 'Rock', 'B8A038');
insert into type (id, name, color)
    values (7, 'Bug', 'A8B820');
insert into type (id, name, color)
    values (8, 'Ghost', '705898');
insert into type (id, name, color)
    values (9, 'Steel', 'B8B8D0');
insert into type (id, name, color)
    values (10, 'Fire', 'F08030');
insert into type (id, name, color)
    values (11, 'Water', '6890F0');
insert into type (id, name, color)
    values (12, 'Grass', '78C850');
insert into type (id, name, color)
    values (13, 'Electric', 'F8D030');
insert into type (id, name, color)
    values (14, 'Psychic', 'F85555');
insert into type (id, name, color)
    values (15, 'Ice', '98D8D8');
insert into type (id, name, color)
    values (16, 'Dragon', '7038F8');
insert into type (id, name, color)
    values (17, 'Dark', '705848');
insert into type (id, name, color)
    values (18, 'Fairy', 'EE99AC');
    
insert into pokedex_type (pokedex_id, type_id)
    values (1, 12);
insert into pokedex_type (pokedex_id, type_id)
    values (1, 4);
insert into pokedex_type (pokedex_id, type_id)
    values (2, 12);
insert into pokedex_type (pokedex_id, type_id)
    values (2, 4);
insert into pokedex_type (pokedex_id, type_id)
    values (3, 12);
insert into pokedex_type (pokedex_id, type_id)
    values (3, 4);
insert into pokedex_type (pokedex_id, type_id)
    values (4, 10);
insert into pokedex_type (pokedex_id, type_id)
    values (5, 10);
insert into pokedex_type (pokedex_id, type_id)
    values (6, 10);
insert into pokedex_type (pokedex_id, type_id)
    values (6, 3);
insert into pokedex_type (pokedex_id, type_id)
    values (7, 11);
insert into pokedex_type (pokedex_id, type_id)
    values (8, 11);
insert into pokedex_type (pokedex_id, type_id)
    values (9, 11);
insert into pokedex_type (pokedex_id, type_id)
    values (10, 7);
insert into pokedex_type (pokedex_id, type_id)
    values (11, 7);
insert into pokedex_type (pokedex_id, type_id)
    values (12, 7);
insert into pokedex_type (pokedex_id, type_id)
    values (12, 3);
insert into pokedex_type (pokedex_id, type_id)
    values (13, 7);
insert into pokedex_type (pokedex_id, type_id)
    values (13, 4);
insert into pokedex_type (pokedex_id, type_id)
    values (14, 7);
insert into pokedex_type (pokedex_id, type_id)
    values (14, 4);
insert into pokedex_type (pokedex_id, type_id)
    values (15, 7);
insert into pokedex_type (pokedex_id, type_id)
    values (15, 4);
insert into pokedex_type (pokedex_id, type_id)
    values (16, 1);
insert into pokedex_type (pokedex_id, type_id)
    values (16, 3);
insert into pokedex_type (pokedex_id, type_id)
    values (17, 1);
insert into pokedex_type (pokedex_id, type_id)
    values (17, 3);
insert into pokedex_type (pokedex_id, type_id)
    values (18, 1);
insert into pokedex_type (pokedex_id, type_id)
    values (18, 3);
insert into pokedex_type (pokedex_id, type_id)
    values (19, 1);
insert into pokedex_type (pokedex_id, type_id)
    values (20, 1);
insert into pokedex_type (pokedex_id, type_id)
    values (21, 1);
insert into pokedex_type (pokedex_id, type_id)
    values (21, 3);
insert into pokedex_type (pokedex_id, type_id)
    values (22, 1);
insert into pokedex_type (pokedex_id, type_id)
    values (22, 3);
insert into pokedex_type (pokedex_id, type_id)
    values (23, 4);
insert into pokedex_type (pokedex_id, type_id)
    values (24, 4);
insert into pokedex_type (pokedex_id, type_id)
    values (25, 13);
insert into pokedex_type (pokedex_id, type_id)
    values (26, 13);
insert into pokedex_type (pokedex_id, type_id)
    values (27, 5);
insert into pokedex_type (pokedex_id, type_id)
    values (28, 5);
insert into pokedex_type (pokedex_id, type_id)
    values (29, 4);
insert into pokedex_type (pokedex_id, type_id)
    values (30, 4);
insert into pokedex_type (pokedex_id, type_id)
    values (31, 4);
insert into pokedex_type (pokedex_id, type_id)
    values (31, 5);
insert into pokedex_type (pokedex_id, type_id)
    values (32, 4);
insert into pokedex_type (pokedex_id, type_id)
    values (33, 4);
insert into pokedex_type (pokedex_id, type_id)
    values (34, 4);
insert into pokedex_type (pokedex_id, type_id)
    values (34, 5);
insert into pokedex_type (pokedex_id, type_id)
    values (35, 18);
insert into pokedex_type (pokedex_id, type_id)
    values (36, 18);
insert into pokedex_type (pokedex_id, type_id)
    values (37, 10);
insert into pokedex_type (pokedex_id, type_id)
    values (38, 10);
insert into pokedex_type (pokedex_id, type_id)
    values (39, 1);
insert into pokedex_type (pokedex_id, type_id)
    values (39, 18);
insert into pokedex_type (pokedex_id, type_id)
    values (40, 1);
insert into pokedex_type (pokedex_id, type_id)
    values (40, 18);
insert into pokedex_type (pokedex_id, type_id)
    values (41, 4);
insert into pokedex_type (pokedex_id, type_id)
    values (41, 3);
insert into pokedex_type (pokedex_id, type_id)
    values (42, 4);
insert into pokedex_type (pokedex_id, type_id)
    values (42, 3);
insert into pokedex_type (pokedex_id, type_id)
    values (43, 12);
insert into pokedex_type (pokedex_id, type_id)
    values (43, 4);
insert into pokedex_type (pokedex_id, type_id)
    values (44, 12);
insert into pokedex_type (pokedex_id, type_id)
    values (44, 4);
insert into pokedex_type (pokedex_id, type_id)
    values (45, 12);
insert into pokedex_type (pokedex_id, type_id)
    values (45, 4);
insert into pokedex_type (pokedex_id, type_id)
    values (46, 7);
insert into pokedex_type (pokedex_id, type_id)
    values (46, 12);
insert into pokedex_type (pokedex_id, type_id)
    values (47, 7);
insert into pokedex_type (pokedex_id, type_id)
    values (47, 12);
insert into pokedex_type (pokedex_id, type_id)
    values (48, 7);
insert into pokedex_type (pokedex_id, type_id)
    values (48, 4);
insert into pokedex_type (pokedex_id, type_id)
    values (49, 7);
insert into pokedex_type (pokedex_id, type_id)
    values (49, 4);
insert into pokedex_type (pokedex_id, type_id)
    values (50, 5);
insert into pokedex_type (pokedex_id, type_id)
    values (51, 5);
insert into pokedex_type (pokedex_id, type_id)
    values (52, 1);
insert into pokedex_type (pokedex_id, type_id)
    values (53, 1);
insert into pokedex_type (pokedex_id, type_id)
    values (54, 11);
insert into pokedex_type (pokedex_id, type_id)
    values (55, 11);
insert into pokedex_type (pokedex_id, type_id)
    values (56, 2);
insert into pokedex_type (pokedex_id, type_id)
    values (57, 2);
insert into pokedex_type (pokedex_id, type_id)
    values (58, 10);
insert into pokedex_type (pokedex_id, type_id)
    values (59, 10);
insert into pokedex_type (pokedex_id, type_id)
    values (60, 11);
insert into pokedex_type (pokedex_id, type_id)
    values (61, 11);
insert into pokedex_type (pokedex_id, type_id)
    values (62, 11);
insert into pokedex_type (pokedex_id, type_id)
    values (62, 2);
insert into pokedex_type (pokedex_id, type_id)
    values (63, 14);
insert into pokedex_type (pokedex_id, type_id)
    values (64, 14);
insert into pokedex_type (pokedex_id, type_id)
    values (65, 14);
insert into pokedex_type (pokedex_id, type_id)
    values (66, 2);
insert into pokedex_type (pokedex_id, type_id)
    values (67, 2);
insert into pokedex_type (pokedex_id, type_id)
    values (68, 2);
insert into pokedex_type (pokedex_id, type_id)
    values (69, 12);
insert into pokedex_type (pokedex_id, type_id)
    values (69, 4);
insert into pokedex_type (pokedex_id, type_id)
    values (70, 12);
insert into pokedex_type (pokedex_id, type_id)
    values (70, 4);
insert into pokedex_type (pokedex_id, type_id)
    values (71, 12);
insert into pokedex_type (pokedex_id, type_id)
    values (71, 4);
insert into pokedex_type (pokedex_id, type_id)
    values (72, 11);
insert into pokedex_type (pokedex_id, type_id)
    values (72, 4);
insert into pokedex_type (pokedex_id, type_id)
    values (73, 11);
insert into pokedex_type (pokedex_id, type_id)
    values (73, 4);
insert into pokedex_type (pokedex_id, type_id)
    values (74, 6);
insert into pokedex_type (pokedex_id, type_id)
    values (74, 5);
insert into pokedex_type (pokedex_id, type_id)
    values (75, 6);
insert into pokedex_type (pokedex_id, type_id)
    values (75, 5);
insert into pokedex_type (pokedex_id, type_id)
    values (76, 6);
insert into pokedex_type (pokedex_id, type_id)
    values (76, 5);
insert into pokedex_type (pokedex_id, type_id)
    values (77, 10);
insert into pokedex_type (pokedex_id, type_id)
    values (78, 10);
insert into pokedex_type (pokedex_id, type_id)
    values (79, 11);
insert into pokedex_type (pokedex_id, type_id)
    values (79, 14);
insert into pokedex_type (pokedex_id, type_id)
    values (80, 11);
insert into pokedex_type (pokedex_id, type_id)
    values (80, 14);
insert into pokedex_type (pokedex_id, type_id)
    values (81, 13);
insert into pokedex_type (pokedex_id, type_id)
    values (81, 9);
insert into pokedex_type (pokedex_id, type_id)
    values (82, 13);
insert into pokedex_type (pokedex_id, type_id)
    values (82, 9);
insert into pokedex_type (pokedex_id, type_id)
    values (83, 1);
insert into pokedex_type (pokedex_id, type_id)
    values (83, 3);
insert into pokedex_type (pokedex_id, type_id)
    values (84, 1);
insert into pokedex_type (pokedex_id, type_id)
    values (84, 3);
insert into pokedex_type (pokedex_id, type_id)
    values (85, 1);
insert into pokedex_type (pokedex_id, type_id)
    values (85, 3);
insert into pokedex_type (pokedex_id, type_id)
    values (86, 11);
insert into pokedex_type (pokedex_id, type_id)
    values (87, 11);
insert into pokedex_type (pokedex_id, type_id)
    values (87, 15);
insert into pokedex_type (pokedex_id, type_id)
    values (88, 4);
insert into pokedex_type (pokedex_id, type_id)
    values (89, 4);
insert into pokedex_type (pokedex_id, type_id)
    values (90, 11);
insert into pokedex_type (pokedex_id, type_id)
    values (91, 11);
insert into pokedex_type (pokedex_id, type_id)
    values (91, 15);
insert into pokedex_type (pokedex_id, type_id)
    values (92, 8);
insert into pokedex_type (pokedex_id, type_id)
    values (92, 4);
insert into pokedex_type (pokedex_id, type_id)
    values (93, 8);
insert into pokedex_type (pokedex_id, type_id)
    values (93, 4);
insert into pokedex_type (pokedex_id, type_id)
    values (94, 8);
insert into pokedex_type (pokedex_id, type_id)
    values (94, 4);
insert into pokedex_type (pokedex_id, type_id)
    values (95, 6);
insert into pokedex_type (pokedex_id, type_id)
    values (95, 5);
insert into pokedex_type (pokedex_id, type_id)
    values (96, 14);
insert into pokedex_type (pokedex_id, type_id)
    values (97, 14);
insert into pokedex_type (pokedex_id, type_id)
    values (98, 11);
insert into pokedex_type (pokedex_id, type_id)
    values (99, 11);
insert into pokedex_type (pokedex_id, type_id)
    values (100, 13);
insert into pokedex_type (pokedex_id, type_id)
    values (101, 13);
insert into pokedex_type (pokedex_id, type_id)
    values (102, 12);
insert into pokedex_type (pokedex_id, type_id)
    values (102, 14);
insert into pokedex_type (pokedex_id, type_id)
    values (103, 12);
insert into pokedex_type (pokedex_id, type_id)
    values (103, 14);
insert into pokedex_type (pokedex_id, type_id)
    values (104, 5);
insert into pokedex_type (pokedex_id, type_id)
    values (105, 5);
insert into pokedex_type (pokedex_id, type_id)
    values (106, 2);
insert into pokedex_type (pokedex_id, type_id)
    values (107, 2);
insert into pokedex_type (pokedex_id, type_id)
    values (108, 1);
insert into pokedex_type (pokedex_id, type_id)
    values (109, 4);
insert into pokedex_type (pokedex_id, type_id)
    values (110, 4);
insert into pokedex_type (pokedex_id, type_id)
    values (111, 5);
insert into pokedex_type (pokedex_id, type_id)
    values (111, 6);
insert into pokedex_type (pokedex_id, type_id)
    values (112, 5);
insert into pokedex_type (pokedex_id, type_id)
    values (112, 6);
insert into pokedex_type (pokedex_id, type_id)
    values (113, 1);
insert into pokedex_type (pokedex_id, type_id)
    values (114, 12);
insert into pokedex_type (pokedex_id, type_id)
    values (115, 1);
insert into pokedex_type (pokedex_id, type_id)
    values (116, 11);
insert into pokedex_type (pokedex_id, type_id)
    values (117, 11);
insert into pokedex_type (pokedex_id, type_id)
    values (118, 11);
insert into pokedex_type (pokedex_id, type_id)
    values (119, 11);
insert into pokedex_type (pokedex_id, type_id)
    values (120, 11);
insert into pokedex_type (pokedex_id, type_id)
    values (121, 11);
insert into pokedex_type (pokedex_id, type_id)
    values (121, 14);
insert into pokedex_type (pokedex_id, type_id)
    values (122, 14);
insert into pokedex_type (pokedex_id, type_id)
    values (122, 18);
insert into pokedex_type (pokedex_id, type_id)
    values (123, 7);
insert into pokedex_type (pokedex_id, type_id)
    values (123, 3);
insert into pokedex_type (pokedex_id, type_id)
    values (124, 15);
insert into pokedex_type (pokedex_id, type_id)
    values (124, 14);
insert into pokedex_type (pokedex_id, type_id)
    values (125, 13);
insert into pokedex_type (pokedex_id, type_id)
    values (126, 10);
insert into pokedex_type (pokedex_id, type_id)
    values (127, 7);
insert into pokedex_type (pokedex_id, type_id)
    values (128, 1);
insert into pokedex_type (pokedex_id, type_id)
    values (129, 11);
insert into pokedex_type (pokedex_id, type_id)
    values (130, 11);
insert into pokedex_type (pokedex_id, type_id)
    values (130, 3);
insert into pokedex_type (pokedex_id, type_id)
    values (131, 11);
insert into pokedex_type (pokedex_id, type_id)
    values (131, 15);
insert into pokedex_type (pokedex_id, type_id)
    values (132, 1);
insert into pokedex_type (pokedex_id, type_id)
    values (133, 1);
insert into pokedex_type (pokedex_id, type_id)
    values (134, 11);
insert into pokedex_type (pokedex_id, type_id)
    values (135, 13);
insert into pokedex_type (pokedex_id, type_id)
    values (136, 10);
insert into pokedex_type (pokedex_id, type_id)
    values (137, 1);
insert into pokedex_type (pokedex_id, type_id)
    values (138, 6);
insert into pokedex_type (pokedex_id, type_id)
    values (138, 11);
insert into pokedex_type (pokedex_id, type_id)
    values (139, 6);
insert into pokedex_type (pokedex_id, type_id)
    values (139, 11);
insert into pokedex_type (pokedex_id, type_id)
    values (140, 6);
insert into pokedex_type (pokedex_id, type_id)
    values (140, 11);
insert into pokedex_type (pokedex_id, type_id)
    values (141, 6);
insert into pokedex_type (pokedex_id, type_id)
    values (141, 11);
insert into pokedex_type (pokedex_id, type_id)
    values (142, 6);
insert into pokedex_type (pokedex_id, type_id)
    values (142, 3);
insert into pokedex_type (pokedex_id, type_id)
    values (143, 1);
insert into pokedex_type (pokedex_id, type_id)
    values (144, 15);
insert into pokedex_type (pokedex_id, type_id)
    values (144, 3);
insert into pokedex_type (pokedex_id, type_id)
    values (145, 13);
insert into pokedex_type (pokedex_id, type_id)
    values (145, 3);
insert into pokedex_type (pokedex_id, type_id)
    values (146, 10);
insert into pokedex_type (pokedex_id, type_id)
    values (146, 3);
insert into pokedex_type (pokedex_id, type_id)
    values (147, 16);
insert into pokedex_type (pokedex_id, type_id)
    values (148, 16);
insert into pokedex_type (pokedex_id, type_id)
    values (149, 16);
insert into pokedex_type (pokedex_id, type_id)
    values (149, 3);
insert into pokedex_type (pokedex_id, type_id)
    values (150, 14);
insert into pokedex_type (pokedex_id, type_id)
    values (151, 14);
    
insert into item (id, name)
    values (1, 'Pokeball');
insert into item (id, name)
    values (2, 'Potion');
    
insert into pokeball (multiplier, item_id)
    values (1, 1);
    
insert into potion (hp, item_id)
    values (20, 2);
    
insert into person_item (id, person_id, item_id, quantity)
    values (1, 1, 1, 5);
insert into person_item (id, person_id, item_id, quantity)
    values (2, 1, 2, 5);
    
insert into location (id, name, north_id, east_id, south_id, west_id)
    values (1, 'Route 1', 36, null, 35, null);
insert into location (id, name, north_id, east_id, south_id, west_id)
    values (2, 'Route 2', 26, null, 36, null);
insert into location (id, name, north_id, east_id, south_id, west_id)
    values (3, 'Route 3', null, 27, null, 37);
insert into location (id, name, north_id, east_id, south_id, west_id)
    values (4, 'Route 4', null, 38, null, 27);
insert into location (id, name, north_id, east_id, south_id, west_id)
    values (5, 'Route 5', 38, null, 42, null);
insert into location (id, name, north_id, east_id, south_id, west_id)
    values (6, 'Route 6', 42, null, 39, null);
insert into location (id, name, north_id, east_id, south_id, west_id)
    values (7, 'Route 7', null, 42, null, 40);
insert into location (id, name, north_id, east_id, south_id, west_id)
    values (8, 'Route 8', null, 41, null, 42);
insert into location (id, name, north_id, east_id, south_id, west_id)
    values (9, 'Route 9', null, 30, 29, 38);
insert into location (id, name, north_id, east_id, south_id, west_id)
    values (10, 'Route 10', 29, null, 41, null);
insert into location (id, name, north_id, east_id, south_id, west_id)
    values (11, 'Route 11', null, 12, null, 39);
insert into location (id, name, north_id, east_id, south_id, west_id)
    values (12, 'Route 12', 41, null, 13, 11);
insert into location (id, name, north_id, east_id, south_id, west_id)
    values (13, 'Route 13', 12, null, 14, null);
insert into location (id, name, north_id, east_id, south_id, west_id)
    values (14, 'Route 14', 13, null, null, 15);
insert into location (id, name, north_id, east_id, south_id, west_id)
    values (15, 'Route 15', null, 14, null, 43);
insert into location (id, name, north_id, east_id, south_id, west_id)
    values (16, 'Route 16', null, 40, 17, null);
insert into location (id, name, north_id, east_id, south_id, west_id)
    values (17, 'Route 17', 16, null, 18, null);
insert into location (id, name, north_id, east_id, south_id, west_id)
    values (18, 'Route 18', 17, 43, null, null);
insert into location (id, name, north_id, east_id, south_id, west_id)
    values (19, 'Route 19', 43, null, null, 32);
insert into location (id, name, north_id, east_id, south_id, west_id)
    values (20, 'Route 20', null, 32, null, 44);
insert into location (id, name, north_id, east_id, south_id, west_id)
    values (21, 'Route 21', 35, null, 44, null);
insert into location (id, name, north_id, east_id, south_id, west_id)
    values (22, 'Route 22', 23, 36, null, null);
insert into location (id, name, north_id, east_id, south_id, west_id)
    values (23, 'Route 23', 34, null, 22, null);
insert into location (id, name, north_id, east_id, south_id, west_id)
    values (24, 'Route 24', null, 25, 38, null);
insert into location (id, name, north_id, east_id, south_id, west_id)
    values (25, 'Route 25', null, null, null, 24);
insert into location (id, name, north_id, east_id, south_id, west_id)
    values (26, 'Viridian Forest', 37, null, 2, null);
insert into location (id, name, north_id, east_id, south_id, west_id)
    values (27, 'Mt. Moon', null, 4, null, 3);
insert into location (id, name, north_id, east_id, south_id, west_id)
    values (28, 'Cerulean Cave', null, 24, 4, null);
insert into location (id, name, north_id, east_id, south_id, west_id)
    values (29, 'Rock Tunnel', 9, null, 10, null);
insert into location (id, name, north_id, east_id, south_id, west_id)
    values (30, 'Power Plant', null, null, null, 9);
insert into location (id, name, north_id, east_id, south_id, west_id)
    values (31, 'Pokemon Tower', null, null, null, 41);
insert into location (id, name, north_id, east_id, south_id, west_id)
    values (32, 'Seafoam Islands', null, 19, null, 20);
insert into location (id, name, north_id, east_id, south_id, west_id)
    values (33, 'Pokemon Mansion', null, 44, null, null);
insert into location (id, name, north_id, east_id, south_id, west_id)
    values (34, 'Victory Road', 45, null, 23, null);
insert into location (id, name, north_id, east_id, south_id, west_id)
    values (35, 'Pallet Town', 1, null, null, null);
insert into location (id, name, north_id, east_id, south_id, west_id)
    values (36, 'Viridian City', 2, null, 1, 22);
insert into location (id, name, north_id, east_id, south_id, west_id)
    values (37, 'Pewter City', null, 3, 26, null);
insert into location (id, name, north_id, east_id, south_id, west_id)
    values (38, 'Cerulean City', 24, 9, 5, 4);
insert into location (id, name, north_id, east_id, south_id, west_id)
    values (39, 'Vermilion City', 6, 11, null, null);
insert into location (id, name, north_id, east_id, south_id, west_id)
    values (40, 'Celadon City', null, 7, null, 16);
insert into location (id, name, north_id, east_id, south_id, west_id)
    values (41, 'Lavender Town', 10, 31, 12, 8);
insert into location (id, name, north_id, east_id, south_id, west_id)
    values (42, 'Saffron City', 5, 8, 6, 7);
insert into location (id, name, north_id, east_id, south_id, west_id)
    values (43, 'Fuchsia City', null, 15, 19, 18);
insert into location (id, name, north_id, east_id, south_id, west_id)
    values (44, 'Cinnabar Island', 21, 20, null, 33);
insert into location (id, name, north_id, east_id, south_id, west_id)
    values (45, 'Indigo Plateau', null, null, 34, null);

insert into location_pokedex (location_id, pokedex_id, min_level, max_level, id) values (1,19,2,4);
insert into location_pokedex (location_id, pokedex_id, min_level, max_level, id) values (1,16,2,4);
insert into location_pokedex (location_id, pokedex_id, min_level, max_level, id) values (3,27,3,7);
insert into location_pokedex (location_id, pokedex_id, min_level, max_level, id) values (3,56,9,9);
insert into location_pokedex (location_id, pokedex_id, min_level, max_level, id) values (3,29,3,7);
insert into location_pokedex (location_id, pokedex_id, min_level, max_level, id) values (3,16,6,8);
insert into location_pokedex (location_id, pokedex_id, min_level, max_level, id) values (3,19,6,8);
insert into location_pokedex (location_id, pokedex_id, min_level, max_level, id) values (3,21,5,8);
insert into location_pokedex (location_id, pokedex_id, min_level, max_level, id) values (2,19,2,5);
insert into location_pokedex (location_id, pokedex_id, min_level, max_level, id) values (2,16,3,5);
insert into location_pokedex (location_id, pokedex_id, min_level, max_level, id) values (2,32,4,6);
insert into location_pokedex (location_id, pokedex_id, min_level, max_level, id) values (2,13,3,5);
insert into location_pokedex (location_id, pokedex_id, min_level, max_level, id) values (2,29,4,6);
insert into location_pokedex (location_id, pokedex_id, min_level, max_level, id) values (2,10,3,5);
insert into location_pokedex (location_id, pokedex_id, min_level, max_level, id) values (4,27,6,12);
insert into location_pokedex (location_id, pokedex_id, min_level, max_level, id) values (4,56,9,9);
insert into location_pokedex (location_id, pokedex_id, min_level, max_level, id) values (4,19,8,12);
insert into location_pokedex (location_id, pokedex_id, min_level, max_level, id) values (4,21,8,12);
insert into location_pokedex (location_id, pokedex_id, min_level, max_level, id) values (4,23,6,12);
insert into location_pokedex (location_id, pokedex_id, min_level, max_level, id) values (5,43,13,16);
insert into location_pokedex (location_id, pokedex_id, min_level, max_level, id) values (5,52,10,16);
insert into location_pokedex (location_id, pokedex_id, min_level, max_level, id) values (5,16,13,16);
insert into location_pokedex (location_id, pokedex_id, min_level, max_level, id) values (5,63,7,7);
insert into location_pokedex (location_id, pokedex_id, min_level, max_level, id) values (5,56,10,16);
insert into location_pokedex (location_id, pokedex_id, min_level, max_level, id) values (5,69,13,16);
insert into location_pokedex (location_id, pokedex_id, min_level, max_level, id) values (5,19,14,16);
insert into location_pokedex (location_id, pokedex_id, min_level, max_level, id) values (5,17,17,17);
insert into location_pokedex (location_id, pokedex_id, min_level, max_level, id) values (5,39,3,7);
insert into location_pokedex (location_id, pokedex_id, min_level, max_level, id) values (9,29,16,18);
insert into location_pokedex (location_id, pokedex_id, min_level, max_level, id) values (9,19,14,17);
insert into location_pokedex (location_id, pokedex_id, min_level, max_level, id) values (9,32,16,18);
insert into location_pokedex (location_id, pokedex_id, min_level, max_level, id) values (9,30,18,18);
insert into location_pokedex (location_id, pokedex_id, min_level, max_level, id) values (9,20,20,20);
insert into location_pokedex (location_id, pokedex_id, min_level, max_level, id) values (9,21,13,17);
insert into location_pokedex (location_id, pokedex_id, min_level, max_level, id) values (9,23,11,17);
insert into location_pokedex (location_id, pokedex_id, min_level, max_level, id) values (9,33,18,18);
insert into location_pokedex (location_id, pokedex_id, min_level, max_level, id) values (9,27,11,17);
insert into location_pokedex (location_id, pokedex_id, min_level, max_level, id) values (9,22,19,19);
insert into location_pokedex (location_id, pokedex_id, min_level, max_level, id) values (6,43,13,16);
insert into location_pokedex (location_id, pokedex_id, min_level, max_level, id) values (6,16,13,16);
insert into location_pokedex (location_id, pokedex_id, min_level, max_level, id) values (6,52,10,16);
insert into location_pokedex (location_id, pokedex_id, min_level, max_level, id) values (6,19,14,16);
insert into location_pokedex (location_id, pokedex_id, min_level, max_level, id) values (6,17,17,17);
insert into location_pokedex (location_id, pokedex_id, min_level, max_level, id) values (6,63,7,7);
insert into location_pokedex (location_id, pokedex_id, min_level, max_level, id) values (6,39,3,7);
insert into location_pokedex (location_id, pokedex_id, min_level, max_level, id) values (6,56,10,16);
insert into location_pokedex (location_id, pokedex_id, min_level, max_level, id) values (6,69,13,16);
insert into location_pokedex (location_id, pokedex_id, min_level, max_level, id) values (7,43,19,22);
insert into location_pokedex (location_id, pokedex_id, min_level, max_level, id) values (7,58,18,20);
insert into location_pokedex (location_id, pokedex_id, min_level, max_level, id) values (7,16,19,22);
insert into location_pokedex (location_id, pokedex_id, min_level, max_level, id) values (7,52,17,20);
insert into location_pokedex (location_id, pokedex_id, min_level, max_level, id) values (7,69,19,22);
insert into location_pokedex (location_id, pokedex_id, min_level, max_level, id) values (7,39,19,24);
insert into location_pokedex (location_id, pokedex_id, min_level, max_level, id) values (7,17,24,24);
insert into location_pokedex (location_id, pokedex_id, min_level, max_level, id) values (7,56,17,20);
insert into location_pokedex (location_id, pokedex_id, min_level, max_level, id) values (7,37,18,20);
insert into location_pokedex (location_id, pokedex_id, min_level, max_level, id) values (7,19,20,20);
insert into location_pokedex (location_id, pokedex_id, min_level, max_level, id) values (7,63,15,26);
insert into location_pokedex (location_id, pokedex_id, min_level, max_level, id) values (8,63,15,19);
insert into location_pokedex (location_id, pokedex_id, min_level, max_level, id) values (8,64,20,27);
insert into location_pokedex (location_id, pokedex_id, min_level, max_level, id) values (8,27,17,19);
insert into location_pokedex (location_id, pokedex_id, min_level, max_level, id) values (8,16,18,20);
insert into location_pokedex (location_id, pokedex_id, min_level, max_level, id) values (8,37,15,18);
insert into location_pokedex (location_id, pokedex_id, min_level, max_level, id) values (8,52,18,20);
insert into location_pokedex (location_id, pokedex_id, min_level, max_level, id) values (8,39,19,24);
insert into location_pokedex (location_id, pokedex_id, min_level, max_level, id) values (8,19,20,20);
insert into location_pokedex (location_id, pokedex_id, min_level, max_level, id) values (8,17,24,24);
insert into location_pokedex (location_id, pokedex_id, min_level, max_level, id) values (8,58,15,18);
insert into location_pokedex (location_id, pokedex_id, min_level, max_level, id) values (8,56,18,20);
insert into location_pokedex (location_id, pokedex_id, min_level, max_level, id) values (8,23,17,19);
insert into location_pokedex (location_id, pokedex_id, min_level, max_level, id) values (11,21,13,17);
insert into location_pokedex (location_id, pokedex_id, min_level, max_level, id) values (11,23,12,15);
insert into location_pokedex (location_id, pokedex_id, min_level, max_level, id) values (11,96,9,15);
insert into location_pokedex (location_id, pokedex_id, min_level, max_level, id) values (11,16,16,18);
insert into location_pokedex (location_id, pokedex_id, min_level, max_level, id) values (11,19,15,17);
insert into location_pokedex (location_id, pokedex_id, min_level, max_level, id) values (11,17,18,20);
insert into location_pokedex (location_id, pokedex_id, min_level, max_level, id) values (11,20,17,17);
insert into location_pokedex (location_id, pokedex_id, min_level, max_level, id) values (11,27,12,15);
insert into location_pokedex (location_id, pokedex_id, min_level, max_level, id) values (16,22,24,24);
insert into location_pokedex (location_id, pokedex_id, min_level, max_level, id) values (16,20,23,25);
insert into location_pokedex (location_id, pokedex_id, min_level, max_level, id) values (16,21,20,22);
insert into location_pokedex (location_id, pokedex_id, min_level, max_level, id) values (16,84,18,22);
insert into location_pokedex (location_id, pokedex_id, min_level, max_level, id) values (16,19,18,22);
insert into location_pokedex (location_id, pokedex_id, min_level, max_level, id) values (17,85,29,29);
insert into location_pokedex (location_id, pokedex_id, min_level, max_level, id) values (17,21,20,22);
insert into location_pokedex (location_id, pokedex_id, min_level, max_level, id) values (17,22,25,27);
insert into location_pokedex (location_id, pokedex_id, min_level, max_level, id) values (17,84,24,28);
insert into location_pokedex (location_id, pokedex_id, min_level, max_level, id) values (17,20,25,29);
insert into location_pokedex (location_id, pokedex_id, min_level, max_level, id) values (17,77,28,32);
insert into location_pokedex (location_id, pokedex_id, min_level, max_level, id) values (18,21,20,22);
insert into location_pokedex (location_id, pokedex_id, min_level, max_level, id) values (18,22,25,29);
insert into location_pokedex (location_id, pokedex_id, min_level, max_level, id) values (18,19,23,24);
insert into location_pokedex (location_id, pokedex_id, min_level, max_level, id) values (18,84,24,28);
insert into location_pokedex (location_id, pokedex_id, min_level, max_level, id) values (18,20,25,29);
insert into location_pokedex (location_id, pokedex_id, min_level, max_level, id) values (15,70,30,30);
insert into location_pokedex (location_id, pokedex_id, min_level, max_level, id) values (15,132,26,26);
insert into location_pokedex (location_id, pokedex_id, min_level, max_level, id) values (15,16,23,23);
insert into location_pokedex (location_id, pokedex_id, min_level, max_level, id) values (15,69,22,26);
insert into location_pokedex (location_id, pokedex_id, min_level, max_level, id) values (15,49,30,30);
insert into location_pokedex (location_id, pokedex_id, min_level, max_level, id) values (15,17,28,30);
insert into location_pokedex (location_id, pokedex_id, min_level, max_level, id) values (15,48,26,28);
insert into location_pokedex (location_id, pokedex_id, min_level, max_level, id) values (15,44,30,30);
insert into location_pokedex (location_id, pokedex_id, min_level, max_level, id) values (15,43,22,26);
insert into location_pokedex (location_id, pokedex_id, min_level, max_level, id) values (14,132,23,23);
insert into location_pokedex (location_id, pokedex_id, min_level, max_level, id) values (14,17,28,30);
insert into location_pokedex (location_id, pokedex_id, min_level, max_level, id) values (14,48,24,26);
insert into location_pokedex (location_id, pokedex_id, min_level, max_level, id) values (14,69,22,26);
insert into location_pokedex (location_id, pokedex_id, min_level, max_level, id) values (14,49,30,30);
insert into location_pokedex (location_id, pokedex_id, min_level, max_level, id) values (14,16,26,26);
insert into location_pokedex (location_id, pokedex_id, min_level, max_level, id) values (14,44,30,30);
insert into location_pokedex (location_id, pokedex_id, min_level, max_level, id) values (14,43,22,26);
insert into location_pokedex (location_id, pokedex_id, min_level, max_level, id) values (14,70,30,30);
insert into location_pokedex (location_id, pokedex_id, min_level, max_level, id) values (13,17,28,28);
insert into location_pokedex (location_id, pokedex_id, min_level, max_level, id) values (13,132,25,25);
insert into location_pokedex (location_id, pokedex_id, min_level, max_level, id) values (13,69,22,26);
insert into location_pokedex (location_id, pokedex_id, min_level, max_level, id) values (13,70,28,30);
insert into location_pokedex (location_id, pokedex_id, min_level, max_level, id) values (13,48,24,26);
insert into location_pokedex (location_id, pokedex_id, min_level, max_level, id) values (13,83,26,31);
insert into location_pokedex (location_id, pokedex_id, min_level, max_level, id) values (13,16,25,27);
insert into location_pokedex (location_id, pokedex_id, min_level, max_level, id) values (13,44,28,30);
insert into location_pokedex (location_id, pokedex_id, min_level, max_level, id) values (13,43,22,26);
insert into location_pokedex (location_id, pokedex_id, min_level, max_level, id) values (19,72,5,40);
insert into location_pokedex (location_id, pokedex_id, min_level, max_level, id) values (10,29,17,17);
insert into location_pokedex (location_id, pokedex_id, min_level, max_level, id) values (10,66,16,18);
insert into location_pokedex (location_id, pokedex_id, min_level, max_level, id) values (10,100,14,17);
insert into location_pokedex (location_id, pokedex_id, min_level, max_level, id) values (10,21,13,17);
insert into location_pokedex (location_id, pokedex_id, min_level, max_level, id) values (10,23,11,17);
insert into location_pokedex (location_id, pokedex_id, min_level, max_level, id) values (10,81,16,22);
insert into location_pokedex (location_id, pokedex_id, min_level, max_level, id) values (10,32,17,17);
insert into location_pokedex (location_id, pokedex_id, min_level, max_level, id) values (10,27,11,17);
insert into location_pokedex (location_id, pokedex_id, min_level, max_level, id) values (10,20,20,20);
insert into location_pokedex (location_id, pokedex_id, min_level, max_level, id) values (10,19,18,18);
insert into location_pokedex (location_id, pokedex_id, min_level, max_level, id) values (12,69,22,26);
insert into location_pokedex (location_id, pokedex_id, min_level, max_level, id) values (12,16,23,27);
insert into location_pokedex (location_id, pokedex_id, min_level, max_level, id) values (12,48,24,26);
insert into location_pokedex (location_id, pokedex_id, min_level, max_level, id) values (12,83,26,31);
insert into location_pokedex (location_id, pokedex_id, min_level, max_level, id) values (12,44,28,30);
insert into location_pokedex (location_id, pokedex_id, min_level, max_level, id) values (29,66,15,21);
insert into location_pokedex (location_id, pokedex_id, min_level, max_level, id) values (29,74,16,20);
insert into location_pokedex (location_id, pokedex_id, min_level, max_level, id) values (29,41,15,21);
insert into location_pokedex (location_id, pokedex_id, min_level, max_level, id) values (29,95,13,15);
insert into location_pokedex (location_id, pokedex_id, min_level, max_level, id) values (22,32,2,4);
insert into location_pokedex (location_id, pokedex_id, min_level, max_level, id) values (22,19,2,4);
insert into location_pokedex (location_id, pokedex_id, min_level, max_level, id) values (22,21,3,5);
insert into location_pokedex (location_id, pokedex_id, min_level, max_level, id) values (22,56,3,5);
insert into location_pokedex (location_id, pokedex_id, min_level, max_level, id) values (22,29,2,4);
insert into location_pokedex (location_id, pokedex_id, min_level, max_level, id) values (26,10,3,5);
insert into location_pokedex (location_id, pokedex_id, min_level, max_level, id) values (26,11,4,6);
insert into location_pokedex (location_id, pokedex_id, min_level, max_level, id) values (26,25,3,5);
insert into location_pokedex (location_id, pokedex_id, min_level, max_level, id) values (26,14,4,6);
insert into location_pokedex (location_id, pokedex_id, min_level, max_level, id) values (26,13,3,5);
insert into location_pokedex (location_id, pokedex_id, min_level, max_level, id) values (27,41,6,11);
insert into location_pokedex (location_id, pokedex_id, min_level, max_level, id) values (27,35,8,8);
insert into location_pokedex (location_id, pokedex_id, min_level, max_level, id) values (27,74,8,10);
insert into location_pokedex (location_id, pokedex_id, min_level, max_level, id) values (27,46,8,8);
insert into location_pokedex (location_id, pokedex_id, min_level, max_level, id) values (27,27,9,9);
insert into location_pokedex (location_id, pokedex_id, min_level, max_level, id) values (24,17,17,17);
insert into location_pokedex (location_id, pokedex_id, min_level, max_level, id) values (24,69,12,14);
insert into location_pokedex (location_id, pokedex_id, min_level, max_level, id) values (24,63,8,12);
insert into location_pokedex (location_id, pokedex_id, min_level, max_level, id) values (24,11,8,8);
insert into location_pokedex (location_id, pokedex_id, min_level, max_level, id) values (24,43,12,14);
insert into location_pokedex (location_id, pokedex_id, min_level, max_level, id) values (24,10,7,7);
insert into location_pokedex (location_id, pokedex_id, min_level, max_level, id) values (24,13,7,7);
insert into location_pokedex (location_id, pokedex_id, min_level, max_level, id) values (24,16,12,13);
insert into location_pokedex (location_id, pokedex_id, min_level, max_level, id) values (24,14,8,8);
insert into location_pokedex (location_id, pokedex_id, min_level, max_level, id) values (24,48,13,16);
insert into location_pokedex (location_id, pokedex_id, min_level, max_level, id) values (25,69,12,14);
insert into location_pokedex (location_id, pokedex_id, min_level, max_level, id) values (25,17,17,17);
insert into location_pokedex (location_id, pokedex_id, min_level, max_level, id) values (25,14,7,9);
insert into location_pokedex (location_id, pokedex_id, min_level, max_level, id) values (25,43,12,14);
insert into location_pokedex (location_id, pokedex_id, min_level, max_level, id) values (25,11,7,9);
insert into location_pokedex (location_id, pokedex_id, min_level, max_level, id) values (25,10,8,8);
insert into location_pokedex (location_id, pokedex_id, min_level, max_level, id) values (25,16,13,13);
insert into location_pokedex (location_id, pokedex_id, min_level, max_level, id) values (25,13,8,8);
insert into location_pokedex (location_id, pokedex_id, min_level, max_level, id) values (25,63,10,12);
insert into location_pokedex (location_id, pokedex_id, min_level, max_level, id) values (25,48,13,16);
insert into location_pokedex (location_id, pokedex_id, min_level, max_level, id) values (20,72,5,40);
insert into location_pokedex (location_id, pokedex_id, min_level, max_level, id) values (21,114,28,32);
insert into location_pokedex (location_id, pokedex_id, min_level, max_level, id) values (21,16,21,23);
insert into location_pokedex (location_id, pokedex_id, min_level, max_level, id) values (21,17,30,32);
insert into location_pokedex (location_id, pokedex_id, min_level, max_level, id) values (21,19,21,23);
insert into location_pokedex (location_id, pokedex_id, min_level, max_level, id) values (21,20,30,30);
insert into location_pokedex (location_id, pokedex_id, min_level, max_level, id) values (21,72,5,40);
insert into location_pokedex (location_id, pokedex_id, min_level, max_level, id) values (23,22,38,43);
insert into location_pokedex (location_id, pokedex_id, min_level, max_level, id) values (23,57,41,46);
insert into location_pokedex (location_id, pokedex_id, min_level, max_level, id) values (23,56,36,41);
insert into location_pokedex (location_id, pokedex_id, min_level, max_level, id) values (23,21,26,26);
insert into location_pokedex (location_id, pokedex_id, min_level, max_level, id) values (23,24,41,41);
insert into location_pokedex (location_id, pokedex_id, min_level, max_level, id) values (23,132,33,43);
insert into location_pokedex (location_id, pokedex_id, min_level, max_level, id) values (23,23,26,26);
insert into location_pokedex (location_id, pokedex_id, min_level, max_level, id) values (23,28,41,41);
insert into location_pokedex (location_id, pokedex_id, min_level, max_level, id) values (23,27,26,26);
insert into location_pokedex (location_id, pokedex_id, min_level, max_level, id) values (23,30,41,44);
insert into location_pokedex (location_id, pokedex_id, min_level, max_level, id) values (23,33,41,44);
insert into location_pokedex (location_id, pokedex_id, min_level, max_level, id) values (30,125,33,36);
insert into location_pokedex (location_id, pokedex_id, min_level, max_level, id) values (30,26,33,36);
insert into location_pokedex (location_id, pokedex_id, min_level, max_level, id) values (30,100,21,23);
insert into location_pokedex (location_id, pokedex_id, min_level, max_level, id) values (30,89,33,37);
insert into location_pokedex (location_id, pokedex_id, min_level, max_level, id) values (30,25,20,24);
insert into location_pokedex (location_id, pokedex_id, min_level, max_level, id) values (30,88,33,37);
insert into location_pokedex (location_id, pokedex_id, min_level, max_level, id) values (30,81,21,23);
insert into location_pokedex (location_id, pokedex_id, min_level, max_level, id) values (30,82,32,35);
insert into location_pokedex (location_id, pokedex_id, min_level, max_level, id) values (32,79,30,30);
insert into location_pokedex (location_id, pokedex_id, min_level, max_level, id) values (32,41,21,21);
insert into location_pokedex (location_id, pokedex_id, min_level, max_level, id) values (32,90,28,30);
insert into location_pokedex (location_id, pokedex_id, min_level, max_level, id) values (32,42,29,29);
insert into location_pokedex (location_id, pokedex_id, min_level, max_level, id) values (32,86,30,30);
insert into location_pokedex (location_id, pokedex_id, min_level, max_level, id) values (32,120,28,30);
insert into location_pokedex (location_id, pokedex_id, min_level, max_level, id) values (32,55,38,38);
insert into location_pokedex (location_id, pokedex_id, min_level, max_level, id) values (32,54,28,28);
insert into location_pokedex (location_id, pokedex_id, min_level, max_level, id) values (32,116,28,30);
insert into location_pokedex (location_id, pokedex_id, min_level, max_level, id) values (32,98,28,30);
insert into location_pokedex (location_id, pokedex_id, min_level, max_level, id) values (32,80,38,38);
insert into location_pokedex (location_id, pokedex_id, min_level, max_level, id) values (33,110,37,37);
insert into location_pokedex (location_id, pokedex_id, min_level, max_level, id) values (33,19,34,37);
insert into location_pokedex (location_id, pokedex_id, min_level, max_level, id) values (33,109,30,32);
insert into location_pokedex (location_id, pokedex_id, min_level, max_level, id) values (33,89,39,39);
insert into location_pokedex (location_id, pokedex_id, min_level, max_level, id) values (33,58,34,34);
insert into location_pokedex (location_id, pokedex_id, min_level, max_level, id) values (33,77,28,34);
insert into location_pokedex (location_id, pokedex_id, min_level, max_level, id) values (33,37,34,34);
insert into location_pokedex (location_id, pokedex_id, min_level, max_level, id) values (33,88,30,32);
insert into location_pokedex (location_id, pokedex_id, min_level, max_level, id) values (33,20,34,37);
insert into location_pokedex (location_id, pokedex_id, min_level, max_level, id) values (34,42,40,40);
insert into location_pokedex (location_id, pokedex_id, min_level, max_level, id) values (34,75,43,44);
insert into location_pokedex (location_id, pokedex_id, min_level, max_level, id) values (34,74,24,41);
insert into location_pokedex (location_id, pokedex_id, min_level, max_level, id) values (34,105,40,40);
insert into location_pokedex (location_id, pokedex_id, min_level, max_level, id) values (34,41,26,44);
insert into location_pokedex (location_id, pokedex_id, min_level, max_level, id) values (34,95,36,47);
insert into location_pokedex (location_id, pokedex_id, min_level, max_level, id) values (34,66,22,22);
insert into location_pokedex (location_id, pokedex_id, min_level, max_level, id) values (34,67,41,42);
insert into location_pokedex (location_id, pokedex_id, min_level, max_level, id) values (31,93,20,25);
insert into location_pokedex (location_id, pokedex_id, min_level, max_level, id) values (31,104,20,22);
insert into location_pokedex (location_id, pokedex_id, min_level, max_level, id) values (31,92,18,24);
-- select 'insert into location_pokedex (location_id, pokedex_id, min_level, max_level, id) 
    -- values (' || location_id || ',' || pokedex_id || ',' || min_level || ',' || max_level 
    -- || ');' from location_pokedex;

commit;